{"swaggerVersion":"1.2", "resourcePath" : "/", "apis" : [{ "path" : "//resources", "operations" : [{"method" : "GET", "summary" : "Get resources","notes" : "", "nickname" : "net.atos.entng.mediacentre.controllers.MediacentreController_getResources", "parameters" : [] }]},{ "path" : "//exportXML", "operations" : [{"method" : "GET", "summary" : "Export XML","notes" : "", "nickname" : "net.atos.entng.mediacentre.controllers.MediacentreController_exportXML", "parameters" : [] }]}]}
{"swaggerVersion":"1.2", "resourcePath" : "/", "apis" : [{ "path" : "//exportXML", "operations" : [{"method" : "GET", "summary" : "Export XML","notes" : "", "nickname" : "net.atos.entng.mediacentre.controllers.MediacentreController_exportXML", "parameters" : [] }]}]}
