{"swaggerVersion":"1.2", "resourcePath" : "/", "apis" : [{ "path" : "//isExportButtonVisible", "operations" : [{"method" : "GET", "summary" : "Returns true if user is authorized to display export button","notes" : "", "nickname" : "net.atos.entng.mediacentre.controllers.MediacentreController_isExportButtonVisible", "parameters" : [] }]},{ "path" : "//getUserStructures/:userId", "operations" : [{"method" : "GET", "summary" : "Get user main structure","notes" : "", "nickname" : "net.atos.entng.mediacentre.controllers.MediacentreController_getUserStructures", "parameters" : [] }]},{ "path" : "//getRessources/:structureUAI", "operations" : [{"method" : "GET", "summary" : "Get user main structure","notes" : "", "nickname" : "net.atos.entng.mediacentre.controllers.MediacentreController_getRessources", "parameters" : [] }]},{ "path" : "//exportXML", "operations" : [{"method" : "GET", "summary" : "Export XML","notes" : "", "nickname" : "net.atos.entng.mediacentre.controllers.MediacentreController_exportXML", "parameters" : [] }]}]}
